id	label	sentence	pos
457	0	It 's very confusing without the right signs .	PRP VBZ RB JJ IN DT JJ NNS . 
193	0	We are restricted in doing nearly everything .	PRP VBP JJ IN VBG RB NN . 
367	0	He did n't keep my secret .	PRP VBD RB VB PRP$ NN . 
467	0	At that moment I did n't like my position .	IN DT NN PRP VBD RB VB PRP$ NN . 
352	0	I received your letter yesterday .	PRP VBD PRP$ NN RB . 
140	0	I 'll write to you soon Kim .	PRP VBP VB IN PRP RB NNP . 
173	0	I had a lot of fun there .	PRP VBD DT NN IN NN RB . 
6	0	I made a big mistake by trusting him .	PRP VBD DT JJ NN IN VBG PRP . 
559	0	Your time has been stolen .	PRP$ NN VBZ VBN VBN . 
344	0	I want you to give me a full refund .	PRP VBP PRP TO VB PRP DT JJ NN . 
73	0	And always , everybody did it surprisingly well .	CC RB , NN VBD PRP RB RB . 
595	0	Respect is essential .	NN VBZ JJ . 
299	0	I appreciate all this .	PRP VBP PDT DT . 
420	0	You are asked to go through the blue door .	PRP VBP VBN TO VB IN DT JJ NN . 
145	0	Thirdly , the ad mentioned possible discounts .	RB , DT NN VBD JJ NNS . 
234	0	The second answer is that shopping makes everyone happy .	DT JJ NN VBZ IN NN VBZ NN JJ . 
220	0	We mostly had a wonderful time .	PRP RB VBD DT JJ NN . 
651	1	I said to myself again .	PRP VBD TO PRP RB . 
359	0	After all these problems I became disappointed	IN PDT DT NNS PRP VBD JJ 
132	0	However , we have to consider our human nature .	RB , PRP VBZ TO VB PRP$ JJ NN . 
422	0	First , about school .	RB , IN NN . 
768	1	or you are going to get nervous !	CC PRP VBP VBG TO VB JJ . 
477	0	It was not a perfect evening whatsoever .	PRP VBD RB DT JJ NN RB . 
41	0	She spent the money on a magazine .	PRP VBD DT NN IN DT NN . 
530	0	Say hello to your parents !	VB UH IN PRP$ NNS . 
108	0	I look forward to hearing soon .	PRP VB RB IN VBG RB . 
786	1	I can buy something from internet .	PRP MD VB NN IN NN . 
56	0	Or would our house itself be alive ?	CC MD PRP$ NN PRP VBZ JJ . 
630	1	Modern technology changed our lifes in many ways ,	JJ NN VBD PRP$ NNS IN JJ NNS , 
436	0	So it depends on the case .	RB PRP VBZ IN DT NN . 
713	1	And you can see the their clothes also .	CC PRP MD VB PDT PRP$ NNS RB . 
24	0	Just imagine the future people 's way of life	RB VB DT JJ NNS POS NN IN NN 
449	0	A lot of circumstances will arise .	DT NN IN NNS MD VB . 
396	0	Some prefer realistic stories whereas others prefer unusual ones .	DT VBP JJ NNS IN NNS VBP JJ NNS . 
780	1	It is causing some changes to me .	PRP VBZ VBG DT NNS IN PRP . 
51	0	It has absolutely reduced women 's housework time .	PRP VBZ RB VBN NNS POS NN NN . 
375	0	Do you dream of being a star ?	VBP PRP VB IN VBG DT NN . 
791	1	My job just prepear drink for them .	PRP$ NN RB VBP NN IN PRP . 
552	0	Dear Ms Helen Ryan ,	JJ NNP NNP NNP . 
264	0	I am a student in the English class .	PRP VBP DT NN IN DT JJ NN . 
590	0	It was your fault .	PRP VBD PRP$ NN . 
594	0	What clothes should we take with us ?	WDT NNS MD PRP VB IN PRP . 
741	0	It will still be filled with vegetables and meat .	PRP MD RB VB VBN IN NNS CC NN . 
323	0	Yesterday was Valentine 's day here in Portugal .	NN VBD NNP POS NNP RB IN NNP . 
18	0	Let me answer these questions .	VB PRP VB DT NNS . 
621	1	So do n't laugh about this idea .	RB VBP RB VB IN DT NN . 
448	0	I could n't be satisfied with your theatre .	PRP MD RB VB JJ IN PRP$ NN . 
83	0	I 'm a beginner at both activities .	PRP VBP DT NN IN DT NNS . 
61	0	I was just 15 years old .	PRP VBD RB CD NNS JJ . 
272	0	It is wonderful how technology makes things so easy .	PRP VBZ JJ WRB NN VBZ NNS RB JJ . 
285	0	I expected to see a variety of nationalities .	PRP VBD TO VB DT NN IN NNS . 
351	0	My job was very easy .	PRP$ NN VBD RB JJ . 
428	0	The library is very important in our daily life .	DT NN VBZ RB JJ IN PRP$ JJ NN . 
766	1	Meanwhile , these activities are develop .	RB , DT NNS VBP VB . 
182	0	You asked me for some further information .	PRP VBD PRP IN DT JJ NN . 
355	0	This tendency may result in rejecting synthetics completely .	DT NN MD VB IN VBG NNS RB . 
535	0	I am really looking forward to going camping	PRP VBP RB VBG RB TO VBG VBG 
223	0	He does n't like to stay at home alone .	PRP VBZ RB VB TO VB IN NN RB . 
822	1	But it was worthy .	CC PRP VBD JJ . 
650	1	But it was n't all .	CC PRP VBD RB DT . 
361	0	It was very sad news about Richard Brown .	PRP VBZ RB JJ NNS IN NNP NNP . 
412	0	We have planned a barbecue for 5 oo pm	PRP VBP VBD DT NN IN CD CD NN 
828	1	This let Nick very embrassed and got hurt .	DT VBD NNP RB JJ CC VBD VBN . 
529	0	I have great experience of sailing .	PRP VBP JJ NN IN NN . 
176	0	Here is the information you asked for :	RB VBZ DT NN PRP VBD IN : 
581	0	So you have wasted hours buying nothing .	CC PRP VBP VBN NNS VBG NN . 
814	1	Second thing is an airplane .	JJ NN VBZ DT NN . 
163	0	I 'm looking forward to receiving your prompt reply .	PRP VBP VBG RB IN VBG PRP$ JJ NN . 
248	0	I think it is worthwhile seeing it .	PRP VBP PRP VBZ JJ VBG PRP . 
714	1	I am not also keen on preparing it .	PRP VBP RB RB JJ IN VBG PRP . 
762	1	Was very exciting moment and very nice competition .	VBD RB JJ NN CC RB JJ NN . 
74	0	""" Sara remembered the golden fish . """	`` NNP VBD DT JJ NN . ''
113	0	You asked me about an interesting building to visit .	PRP VBD PRP IN DT JJ NN TO VB . 
578	0	I am really looking forward to this camp .	PRP VBP RB VBG RB IN DT NN . 
671	0	The hotel is called Epsom Down Hotel .	DT NN VBZ VBN NNP NNP NNP . 
104	0	But everything was terrible and different to your advertisement .	CC NN VBD JJ CC JJ IN PRP$ NN . 
114	0	Every statement was wrong .	DT NN VBD JJ . 
362	0	And of course technology is also changing .	CC RB RB NN VBZ RB VBG . 
92	0	So why did you make this invitation ?	RB WRB VBD PRP VB DT NN . 
723	1	Finally , the date of concer came .	RB , DT NN IN NN VBD . 
89	0	Her boss was a rich man , really rich .	PRP$ NN VBD DT JJ NN , RB JJ . 
336	0	I find it more sociable than a log cabin .	PRP VBP PRP RBR JJ IN DT NN NN . 
482	0	I 'll never wash my hand again .	PRP MD RB VB PRP$ NN RB . 
792	1	Be you studing a lot ?	VB PRP VBG DT NN . 
803	0	I was dragged to learn sailing .	PRP VBD VBN TO VB VBG . 
526	0	You can see the sign for the hotel .	PRP MD VB DT NN IN DT NN . 
531	0	Yours sincerely ,	PRP RB . 
94	0	It is more interesting than sleeping in log cabins .	PRP VBZ RBR JJ IN VBG IN NN NNS . 
11	0	I wish you had been there .	PRP VBP PRP VBD VBN RB . 
398	0	There are already a variety of fashion styles nowadays .	PRP VBP RB DT NN IN NN NNS RB . 
43	0	I want to know some information about it .	PRP VBP TO VB DT NN IN PRP . 
42	0	Will you give me some pocket-money during the trip ?	MD PRP VB PRP DT NN IN DT NN . 
329	0	What do you think about this suggestion ?	WP VBP PRP VBP IN DT NN . 
167	0	We can show our figure in winter as well .	PRP MD VB PRP$ NN IN NN RB RB . 
755	1	See you and write me soon .	VB PRP CC VB PRP RB . 
754	0	In conclusion , I had an unforgettable time .	IN NN , PRP VBD DT JJ NN . 
656	1	Thank you very much for this occasion	VB PRP RB RB IN DT NN 
462	0	Give a topic and then discuss it .	VB DT NN CC RB VB PRP . 
178	0	Moreover , I am keen on summer .	RB , PRP VBP JJ IN NN . 
644	0	Shopping is not always enjoyable ,	NN VBZ RB RB JJ , 
711	1	Evenmore we can enjoy our night with lights .	RB PRP MD VB PRP$ NN IN NNS . 
177	0	Hope to hear from you soon	VB TO VB IN PRP RB 
589	0	That replacement really disappointed me .	DT NN RB VBD PRP . 
687	1	I have got not idea about them .	PRP VBP VBN RB NN IN PRP . 
596	0	I must be at home by 11pm .	PRP MD VB IN NN IN NN . 
257	0	What more do you want ?	WP JJR VBP PRP VB . 
404	0	Now , you are giving me an opportunity .	RB , PRP VBP VBG PRP DT NN . 
335	0	Taking pictures is a new experience for me .	VBG NNS VBZ DT JJ NN IN PRP . 
534	0	We had a brilliant night .	PRP VBD DT JJ NN . 
15	0	I wish you had been there with us !	PRP VBP PRP VBD VBN RB IN PRP . 
3	0	Technology improves our lives ,	NN VBZ PRP$ NNS , 
760	1	Second , I prefer to stay a log cabin .	RB , PRP VBP TO VB DT NN NN . 
256	0	It is free for students .	PRP VBZ JJ IN NNS . 
743	1	There was beach our town .	EX VBD NN PRP$ NN . 
439	0	However , things are recycled from time to time .	RB , NNS VBP VBN IN NN IN NN . 
382	0	As they wanted to have a baby .	IN PRP VBD TO VB DT NN . 
222	0	We should n't allow the world to be exploited .	PRP MD RB VB DT NN TO VB VBD . 
468	0	Lastly the method of communication has also changed .	RB DT NN IN NN VBD RB VBN . 
585	0	Dear manager of the theatre ,	JJ NN IN DT NN . 
388	0	The show is on 14th March on Tuesday .	DT NN VBZ IN CD NNP IN NNP . 
324	0	So the loss was bigger than the profit .	RB DT NN VBD JJR IN DT NN . 
513	0	I am afraid that I want my money back .	PRP VBP JJ IN PRP VBP PRP$ NN RB . 
9	0	What are you going to do without a phone ?	WP VBP PRP VBG TO VB IN DT NN . 
249	0	Secondly , accommodation .	RB , NN . 
22	0	But I enjoy finding out about new activities !	CC PRP VBP VBG IN IN JJ NNS . 
356	0	We have a few possibilities .	PRP VBP DT JJ NNS . 
221	0	You should go there .	PRP MD VB RB . 
582	0	It 's a strange thing !	PRP VBZ DT JJ NN . 
742	1	She had invited me her play to the theatre .	PRP VBD VBN PRP PRP$ NN IN DT NN . 
846	1	The architecture bring you back into the old time .	DT NN VBP PRP RP IN DT JJ NN . 
545	0	The advertised starting time is 19:30	DT VBN NN NN VBZ CD 
340	0	We were hungry and angry this time .	PRP VBD JJ CC JJ DT NN . 
720	1	Hope hearing from you .	VB VBG IN PRP . 
203	0	How are you and your parents ?	RB VBP PRP CC PRP$ NNS . 
237	0	I ask you to return my money .	PRP VBP PRP IN VB PRP$ NN . 
93	0	You ca n't imagine how fun it was !	PRP MD RB VB WRB JJ PRP VBD . 
450	0	I was really disappointed with your show .	PRP VBD RB JJ IN PRP$ NN . 
570	0	I am glad to provide all the information .	PRP VBP JJ TO VB PDT DT NN .
542	0	Nobody informed me about that .	NN VBD PRP IN DT . 
284	0	So I paid for the ticket .	RB PRP VBD IN DT NN . 
184	0	People 's imaginations are enormous .	NNS POS NNS VBP JJ . 
696	1	I will never forget at that time .	PRP MD RB VB IN DT NN . 
445	0	Also there is a big problem : the money .	RB EX VBZ DT JJ NN : DT NN . 
153	0	Last Saturday evening I had a wonderful time .	JJ NNP NN PRP VBD DT JJ NN . 
75	0	It was a perfectly terrible evening out .	PRP VBD DT RB JJ NN RB . 
794	0	This is the highest building in Tokyo .	DT VBZ DT JJS NN IN NNP . 
533	0	I am so amazed about winning the competition .	PRP VBP RB JJ IN VBG DT NN . 
277	0	And I would love to learn surfing and painting .	CC PRP MD VB TO VB VBG CC VBG . 
68	0	The second activity is more of a hobby .	DT JJ NN VBZ JJR IN DT NN . 
547	0	I would like to travel	PRP MD VB TO VB 
188	0	For example , space suits .	IN NN , NN NNS . 
271	0	I have never felt such satisfaction .	PRP VBP RB VBN JJ NN . 
722	1	I could n't believe in it !	PRP MD RB VB IN PRP . 
538	0	Because fashion has repeated many times in the circle .	IN NN VBZ VBN JJ NNS IN DT NN . 
236	0	I ca n't understand this kind of mistake .	PRP MD RB VB DT NN IN NN . 
88	0	I play guard on my team .	PRP VBP NN IN PRP$ NN . 
733	1	it is the Tuesday 14 March .	PRP VBZ DT NNP CD NNP . 
117	0	The principal reason is the cheap price .	DT JJ NN VBZ DT JJ NN . 
125	0	Do you understand me ?	VBP PRP VB PRP . 
708	1	It will remind me some wonderful experiences .	PRP MD VB PRP DT JJ NNS . 
289	0	Nowadays our shopping habits seem to have changed .	RB PRP$ NN NNS VBZ TO VBZ VBN . 
238	0	Now I want to explain about the problems .	RB PRP VBP TO VB IN DT NNS . 
0	0	I use the Internet now .	PRP VBP DT NNP RB . 
853	1	Are you a science fiction histories lover ?	VBP PRP DT NN NN NNS NN . 
433	0	Painting and Photography are good activities for me .	NN CC NN VBP JJ NNS IN PRP . 
752	1	For me was this aventure one of the Best .	IN PRP VBD DT NN CD IN DT JJS . 
395	0	Pat is one of my colleagues from the office .	PRP VBZ NN IN PRP$ NNS IN DT NN . 
514	0	It will save our Earth .	PRP MD VB PRP$ NNP . 
126	0	We see on the advertisement that discounts are available .	PRP VB IN DT NN IN NNS VBZ JJ . 
278	0	It was an old woman asking who Maria was .	PRP VBD DT JJ NN VBG WP NNP VBD . 
668	1	Second , I prefer log cabins than tents .	RB , PRP VBP NN NNS IN NNS . 
116	0	I do n't really like staying in tents .	PRP VBP RB RB VB VBG IN NNS . 
228	0	Why do you give this information in an advertisement ?	WRB VBP PRP VB DT NN IN DT NN . 
603	0	I do not like the tents ;	PRP VBP RB VB DT NNS , 
662	1	Who know ?	WP VBP . 
486	0	I would choose photography and tennis .	PRP MD VB NN CC NN . 
274	0	I was enthusiastic about this special event .	PRP VBD JJ IN DT JJ NN . 
318	0	I looked at my watch : 20:45 .	PRP VBD IN PRP$ NN : CD . 
587	0	Going to the cinema with the boy I love .	VBG IN DT NN IN DT NN PRP VBP . 
144	0	I hope that you liked my experience .	PRP VBP IN PRP VBD PRP$ NN . 
854	1	But I was sure he would tell nothing .	CC PRP VBD JJ PRP MD VB NN . 
541	0	furthermore I simply love water sports and their challenges .	RB PRP RB VBP NN NNS CC PRP$ NNS . 
784	1	Finaly , I have some question .	RB , PRP VBP DT NN . 
622	1	Especially , sightseeing by bus must be enjoyable .	RB , NN IN NN MD VB JJ . 
369	0	My other choice is painting .	PRP$ JJ NN VBZ NN . 
268	0	I 'd like to do climbing and sailing .	PRP MD VB TO VB NN CC NN . 
604	1	That change really disappointed me .	DT NN RB VBD PRP . 
307	0	The International Arts Festival is a wonderful idea .	DT NNP NNPS NNP VBZ DT JJ NN . 
423	0	The building was built in 1999 .	DT NN VBD VBN IN CD . 
310	0	My life has been changed by technological advances .	PRP$ NN VBZ VBN VBN IN JJ NNS . 
506	0	I really enjoy swimming .	PRP RB VBP NN . 
46	0	In fact , I had .	IN NN , PRP VBD . 
349	0	Secondly the time on the leaflet is totally wrong .	RB DT NN IN DT NN VBZ RB JJ . 
371	0	I used to go camping .	PRP VBD TO VB VBG . 
558	0	I had always wanted to swim with sharks .	PRP VBD RB VBN TO VB IN NNS . 
261	0	Could you imagine no telephone ringing in the office ?	MD PRP VBP DT NN VBG IN DT NN . 
195	0	However , I have never tried surfing .	RB , PRP VBP RB VBN NN . 
861	1	We are look forward to hearing from you	PRP VBP VB RB IN VBG IN PRP 
721	1	Because the show started 20:15 .	IN DT NN VBD CD . 
107	0	They all did except one : Pat .	PRP DT VBD IN CD : NNP . 
59	0	You advertised my perfect evening out .	PRP VBD PRP$ JJ NN RB . 
638	1	So I am quite confident with this .	RB PRP VBP RB JJ IN DT . 
494	0	and we are practising these things .	CC PRP VBP VBG DT NNS . 
100	0	Why ca n't famous people do all these things ?	WRB MD RB JJ NNS VB PDT DT NNS . 
443	0	I count on my experience .	PRP VB IN PRP$ NN . 
588	0	I do not like tents ;	PRP VBP RB VB NNS , 
774	1	You will have a good time for shopping .	PRP MD VB DT JJ NN IN NN . 
620	1	However it did at 20:15 .	RB PRP VBD IN CD . 
579	0	It opens from 8.00 am to 5.00 pm	PRP VBZ IN CD NN IN CD NN 
179	0	Writing .	NN . 
304	0	I am rather good at it .	PRP VBP RB JJ IN PRP . 
551	0	The guards will change every four hours .	DT NNS MD VB DT CD NNS . 
57	0	I was very pleased to receive your letter .	PRP VBD RB JJ TO VB PRP$ NN . 
831	1	Yes , it was a strange behaviour .	UH , PRP VBD DT JJ NN . 
149	0	I think it is bombastic .	PRP VBP PRP VBZ JJ . 
124	0	How much money do I need for this trip ?	WRB JJ NN VBP PRP VB IN DT NN . 
680	0	And tickets were too expensive !	CC NNS VBD RB JJ . 
749	0	Could you believe my luck ?	MD PRP VB PRP$ NN . 
185	0	Pat promised to tell nobody about our purpose .	NNP VBD TO VB NN IN PRP$ NN . 
576	0	I look forward to hearing from you .	PRP VBP RB IN VBG IN PRP . 
50	0	I 'll tell you the two activities I chose .	PRP MD VB PRP DT CD NNS PRP VBD . 
341	0	I hope your questions have been answered appropriately .	PRP VBP PRP$ NNS VBP VBN VBN RB . 
446	0	Although you mentioned them in your advertisement .	IN PRP VBD PRP IN PRP$ NN . 
851	0	Will it be possible to join a surf school ?	MD PRP VB JJ TO VB DT NN NN . 
519	0	I look forward to hearing from you	PRP VBP RB TO VBG IN PRP 
321	0	You wo n't dance but the earnings are guaranteed !	PRP MD RB VB CC DT NNS VBP VBN . 
353	0	I have never liked shopping .	PRP VBP RB VBN VBG . 
798	0	I suggest that you wear a formal dress .	PRP VBP IN PRP VBP DT JJ NN . 
142	0	It was this last point that got me angry .	PRP VBD DT JJ NN WDT VBD PRP JJ . 
470	0	I look forward to an answer from you .	PRP VBP RB IN DT NN IN PRP . 
370	0	Modern technology plays an important role in our lives .	JJ NN VBZ DT JJ NN IN PRP$ NNS . 
800	0	Everyone gets a television at home .	NN VBZ DT NN IN NN . 
141	0	One of them is in the area of fashion .	CD IN PRP VBZ IN DT NN IN NN . 
399	0	I am just kidding .	PRP VBP RB VBG . 
493	0	I live and I need different products to survive .	PRP VBP CC PRP VBP JJ NNS TO VB . 
263	0	And I did n't even get paid .	IN PRP VBD RB RB VB VBN . 
320	0	asked Philip , showing the keys to the car .	VBD NNP , VBG DT NNS IN DT NN . 
19	0	I think then we should film an information-technology lesson .	PRP VBP RB PRP MD VB DT NN NN . 
172	0	Except in some very extraordinary cases , no .	IN IN DT RB JJ NNS , UH . 
841	1	How poor their imagination are !	WRB JJ PRP$ NN VBP . 
312	0	But how could I , it was closed !	CC WRB MD PRP , PRP VBD JJ . 
390	0	I 'm looking forward to hearing from you .	PRP VBP VBG RB TO VBG IN PRP . 
837	1	They should seek to other lifes outside their homes .	PRP MD VB TO JJ NNS IN PRP$ NNS . 
12	0	And then going away without listening to the answer .	CC RB VBG RB IN VBG IN DT NN . 
407	0	' Why not go to the stock exchange ? '	`` WRB RB VB IN DT NN NN . '' 
408	0	Because my favourite actor appears in it .	IN PRP$ JJ NN VBZ IN PRP . 
305	0	The microphones all had to be checked .	DT NNS RB VBD TO VB VBN . 
354	0	Generally many women like shopping , including me .	RB JJ NNS VBP NN , VBG PRP . 
25	0	It began 45 minutes later than it should have .	PRP VBD CD NNS RBR IN PRP MD VBP . 
636	1	I prefer in tents .	PRP VBP IN NNS . 
169	0	I would be glad if you considered my suggestions .	PRP MD VB JJ IN PRP VBD PRP$ NNS . 
781	0	A free shuttle-bus gets you to the conference-center .	DT JJ NN VBZ PRP IN DT NN . 
38	0	Technology is the future , and the present .	NN VBZ DT NN , CC DT JJ . 
175	0	So , maths lessons should be filmed .	RB , NN NNS MD VB VBN . 
245	0	It is a fact that shopping is not enjoyable .	PRP VBZ DT NN IN NN VBZ RB JJ . 
717	1	I mean , it is too crowdy ,	PRP VBP , PRP VBZ RB JJ , 
583	0	I attended the art exhibitions and saw interesting pictures .	PRP VBD DT NN NNS CC VBD JJ NNS . 
704	1	There were nor bridge nor a canoe ,	EX VBD CC NN CC DT NN , 
740	1	It was very interesting experience for me .	PRP VBD RB JJ NN IN PRP . 
154	0	It was too few for this festival .	PRP VBD RB JJ IN DT NN . 
287	0	You had better invite more nationalities .	PRP VBD RB VB JJR NN . 
523	0	I wish you had been there .	PRP VBP PRP VBD VBN RB . 
17	0	First the show started much later than was advertised .	RB DT NN VBD RB RBR IN VBD VBN . 
127	0	What should I say to you about home ...	WP MD PRP VBP IN PRP IN NN . 
322	0	I could not get it .	PRP MD RB VB PRP . 
255	0	I had n't ever seen so much money .	PRP VBD RB RB VBN RB JJ NN . 
692	1	When I was a child we were often camping .	WRB PRP VBD DT NN PRP VBD RB VBG . 
829	1	Can you imagine the life before computer .	MD PRP VB DT NN IN NN . 
190	0	The bus runs from in front of the hotel .	DT NN VBZ IN IN NN IN DT NN . 
115	0	It will be a surprise !	PRP MD VB DT NN . 
536	0	Modern technology has created other conveniences :	JJ NN VBZ VBN JJ NNS : 
180	0	In addition , admission for students is free .	IN NN , NN IN NNS VBZ JJ . 
301	0	How much money will I need to take ?	WRB JJ NN MD PRP VB TO VB . 
659	1	The entery will be free .	DT NN MD VB JJ . 
618	1	There will be a great success !	EX MD VB DT JJ NN . 
629	1	And swimming is very good for health .	CC NN VBZ RB JJ IN NN . 
597	0	There were some problems we have to speak about .	EX VBD DT NNS PRP VBP TO VB IN . 
695	1	I have n't hade such experience .	PRP VBP RB VBN DT NN . 
517	0	I think not .	PRP VBP RB . 
847	1	It prove our bravura to be a man .	PRP VB PRP$ NN TO VB DT NN . 
45	0	Functions ' clothes are the way to love animals !	NNS POS NNS VBP DT NNS TO VB NNS . 
820	1	One day Peter killed one boy .	CD NN NNP VBD CD NN . 
157	0	It was a shame .	PRP VBD DT NN . 
691	0	It was really great .	PRP VBD RB JJ . 
171	0	I 've been busy preparing for English exams .	PRP VBP VBN JJ VBG IN NNP NNS . 
16	0	Dear Sir or Madam ,	JJ NNP CC NNP . 
511	0	I saw the pink snow there .	PRP VBD DT JJ NN RB . 
48	0	I think the students will enjoy this sightseeing tour .	PRP VBP DT NNS MD VB DT NN NN . 
835	1	During the journey I would do surfing and photography .	IN DT NN PRP MD VB VBG CC CC . 
783	1	Most common way to earn is baby-sitting .	RBS JJ NN TO VB VBZ NN . 
515	0	It will be a fantastic experience for me .	PRP MD VB DT JJ NN IN PRP . 
598	0	The princess grew up to be beautiful .	DT NN VBD RP TO VB JJ . 
480	0	But it has advantages as well as disadvantages .	CC PRP VBZ NNS RB RB IN NNS . 
283	0	I have just attended classes in them .	PRP VBP RB VBN NNS IN PRP . 
602	0	Is n't it a great opportunity for us ?	VBZ RB PRP DT JJ NN IN PRP . 
225	0	Another one appeared in the show .	DT PRP VBD IN DT NN . 
26	0	So that 's why they have invented the telephone .	RB DT VBZ WRB PRP VBP VBN DT NN . 
676	1	It 's nonsense , was n't it ?	PRP VBZ NN , VBD RB PRP . 
437	0	The concert last month !	DT NN JJ NN . 
364	0	That was not true !	DT VBD RB JJ . 
229	0	I have some worries about my prize and travel .	PRP VBP DT NNS IN PRP$ NN CC NN . 
37	0	Thank you for the letter that confirmed first prize .	VBP PRP IN DT NN WDT VBD JJ NN . 
830	1	I thought it was most exciting job .	PRP VBD PRP VBD RBS JJ NN . 
374	0	She was very angry and hurt .	PRP VBD RB JJ CC JJ . 
469	0	I believe we 'll be more into fashionable stuff .	PRP VBP PRP MD VB RBR IN JJ NN . 
832	1	Our mission was , stealing the women 's panties ,	PRP$ NN VBD , VBG DT NNS POS NNS , 
734	0	Everyone enjoys wearing nice new clothes ,	NN VBZ VBG JJ JJ NNS , 
631	1	It played an other one who played very bad .	PRP VBD DT JJ NN WP VBD RB JJ . 
194	0	I think it affects you more than you think .	PRP VBP PRP VBZ PRP JJR IN PRP VBP . 
736	1	I suggest to wear shirts and jeans .	PRP VBP TO VB NNS CC NNS . 
745	1	I can sing a plenty of songs .	PRP MD VB DT NN IN NNS . 
503	0	Hungbu had nothing but his family of twelve .	PRP VBD NN CC PRP$ NN IN CD . 
834	1	he just has sweet-looking .	PRP RB VBZ JJ . 
718	1	I 'm looking forward to hearing soon from you .	PRP VBP VBG RB IN VBG RB IN PRP . 
833	0	I said it will start at 19:30 .	PRP VBD PRP MD VB IN CD . 
162	0	I know how to develop films and print photographs .	PRP VBP WRB TO VB NNS CC VB NNS . 
610	1	The respect is essential .	DT NN VBZ JJ . 
152	0	I collect strange photographs by myself .	PRP VBP JJ NNS IN PRP . 
593	0	Finally last night was not a perfect evening .	RB JJ NN VBD RB DT JJ NN . 
628	0	I hope you are doing fine ,	PRP VBP PRP VBP VBG RB , 
655	1	Two of my best activities are swimming and photography .	CD IN PRP$ JJS NNS VBP NN CC NN . 
111	0	However , all the students are passive .	RB , PDT DT NNS VBP JJ . 
226	0	Then all the girls became jealous and stopped laughing .	RB PDT DT NNS VBD JJ CC VBD VBG . 
599	0	I enjoyed the festival pretty much .	PRP VBD DT NN RB RB . 
103	0	People believe that the bird was sent from heaven .	NNS VBP IN DT NN VBD VBN IN NN . 
421	0	The bus had left about fifteen minutes before .	DT NN VBD VBN IN CD NNS RB . 
419	0	How could he have done it to them ?	WRB MD PRP VB VBN PRP IN PRP . 
586	0	It was hard but also fun work .	PRP VBD JJ CC RB JJ NN . 
119	0	There are only ten computers in the school .	EX VBP RB CD NNS IN DT NN . 
53	0	Modern technology has changed our daily lives a lot .	JJ NN VBZ VBN PRP$ JJ NNS DT NN . 
151	0	it would help me with my photography studies .	PRP MD VB PRP IN PRP$ NN NNS . 
403	0	A good place to film is our Geography class .	DT JJ NN TO VB VBZ PRP$ NN NN . 
813	1	I have a big news .	PRP VBP DT JJ NNS . 
207	0	I answered her saying I probably would die .	PRP VBD PRP VBG PRP RB MD VB . 
728	1	I look forward to reading from you .	PRP VBP RB IN VBG IN PRP . 
843	0	At home , there are fewer rules .	IN NN , EX VBP JJR NNS . 
8	0	They all know where the conference is and when .	PRP DT VBZ WRB DT NN VBZ CC WRB . 
821	1	And if during the nights there are entrotenements ?	CC IN IN DT NNS EX VBP NNS . 
36	0	That 's why I 'd like to feel adventurous .	DT VBZ WRB PRP MD VB TO VB JJ . 
452	0	First tell your parents .	RB VBP PRP$ NNS . 
253	0	How will the home of the future be ?	WRB MD DT NN IN DT NN VB . 
303	0	' That 's me ! '	`` DT VBZ PRP . '' 
751	1	Than you for reading .	VB PRP IN VBG . 
571	0	Suddenly , the burglar alarm came on .	RB , DT NN NN VBD RB . 
616	0	Is n't it a big opportunity for us ?	VBZ RB PRP DT JJ NN IN PRP . 
625	1	Also , there are two activities should be filmed .	RB , EX VBP CD NNS MD VB VBN . 
262	0	It 's good that he is far away ...	PRP VBZ JJ IN PRP VBZ RB RB . 
297	0	Why are the media so interested in famous people ?	WRB VBZ DT NN RB JJ IN JJ NNS . 
414	0	Grammar , which is the basis of learning English .	NN , WDT VBZ DT NN IN VBG NNP . 
150	0	Perhaps I could help regularly in the lighting area -	RB PRP MD VB RB IN DT NN NN HYPH 
682	0	I hope to give you enough information .	PRP VBP TO VB PRP JJ NN . 
764	1	How much money I can spent during this time ?	WRB JJ NN PRP MD VBD IN DT NN . 
550	0	The statue is protected by guards .	DT NN VBZ VBN IN NNS . 
488	0	When I finish working I come back home .	WRB PRP VB VBG PRP VBP RB NN . 
147	0	I had enjoyed my wonderful experience so much .	PRP VBD VBN PRP$ JJ NN RB RB . 
146	0	However , there were not any .	RB , EX VBD RB DT . 
626	1	I would like to travel on July ;	PRP MD VB TO VB IN NNP , 
801	1	This scaring dark is still affecting my life now .	DT VBG NN VBZ RB VBG PRP$ NN RB . 
811	1	thanks a lot for your long letter !	NN DT NN IN PRP$ JJ NN . 
348	0	Are any parties organized during the holidays ?	VBP DT NNS VBN IN DT NNS . 
463	0	People were staring at me and laughing .	NNS VBD VBG IN NN CC VBG . 
325	0	I wonder if you could explain to me why .	PRP VBP IN PRP MD VB IN PRP WRB . 
186	0	There will be extra buses to get there .	EX MD VB JJ NNS TO VB RB . 
123	0	What clothes should I take ?	WDT NNS MD PRP VB . 
735	0	I did n't mind telling her about my cousin ,	PRP VBD RB VB VBG PRP IN PRP$ NN , 
608	1	Finaly last nigh was not perfect evening .	RB JJ NN VBD RB JJ NN . 
143	0	The number of foreign students has recently been increasing .	DT NN IN JJ NNS VBZ RB VBN VBG . 
824	1	Rod was a happy man at that times .	NNP VBD DT JJ NN IN DT NNS . 
197	0	Dear Mrs Clark ,	JJ NN NNP . 
609	1	Which clothes should we take with us ?	WDT NNS MD PRP VB IN PRP . 
279	0	I liked seeing their way of life .	PRP VBD VBG PRP$ NN IN NN . 
293	0	I want to play tennis and to go swimming .	PRP VBP TO VB NN CC TO VB VBG . 
400	0	Also I am quite a good swimmer .	RB PRP VBP PDT DT JJ NN . 
122	0	The accommodation I prefer is a tent .	DT NN PRP VB VBZ DT NN . 
183	0	In the church are many expensive drawings .	IN DT NN VBP JJ JJ NNS . 
202	0	Everybody asks what our world will look like .	NN VBZ WP PRP$ NNS VB VB IN . 
438	0	No , I 'm only a daughter of technology .	UH , PRP VBP RB DT NN IN NN . 
246	0	That time I had to sleep in a tent .	DT NN PRP VBD TO VB IN DT NN . 
415	0	One day fortune helped our poor Pat .	CD NN NN VBD PRP$ JJ NNP . 
763	0	His name is Saul Hernañdez and he is very funny	PRP$ NN VBZ NNP NNP CC PRP VBZ RB JJ 
129	0	I was pleased to receive your letter recently .	PRP VBD JJ TO VB PRP$ NN RB . 
637	1	Your faithfully	PRP$ RB 
402	0	But what about 100 years later ?	CC WP IN CD NNS RB . 
678	0	We are both a little afraid ,	PRP VBP RB DT JJ JJ , 
667	1	Secondly , I want to stay in log cabin .	RB , PRP VB TO VB IN NN NN . 
785	1	Is it suitable for you ?	VBZ PRP JJ IN PRP . 
219	0	The best thing was of course meeting Tina .	DT JJS NN VBD RB RB VBG NNP . 
641	0	Thanks for your letter ,	NN IN PRP$ NN , 
787	1	They grow up and became wise .	PRP VBP RP CC VBD JJ . 
652	1	I usually stay a tent during camping .	PRP RB VBP DT NN IN VBG . 
790	1	In the advertisement they said that tickets discounts available .	IN DT NN PRP VBD IN NNS NNS JJ . 
624	1	After concert I left with Ricky Martin .	IN NN PRP VBD IN NNP NNP . 
767	0	I appreciated him a lot .	PRP VBD PRP DT NN . 
660	1	The party will be take place in Palace Hotel .	DT NN MD VB VB NN IN NNP NNP . 
386	0	Unfortunately , Pat was n't good at keeping secrets .	RB , NNP VBD RB JJ IN VBG NNS . 
836	1	At that time he was unconcious ,	IN DT NN PRP VBD JJ , 
509	0	I 've always wanted to go to the U.S.A.	PRP VBP RB VBN TO VB IN DT NNP 
267	0	She has an open mind .	PRP VBZ DT JJ NN . 
709	0	Take care of youself .	VB NN IN PRP . 
441	0	We spent all our time together .	PRP VBD PDT PRP$ NN RB . 
496	0	I was 15 years old then .	PRP VBD CD NNS JJ RB . 
112	0	We ca n't listen to music in class either .	PRP MD RB VB IN NN IN NN RB . 
232	0	I bought a group ticket for the show	PRP VBD DT NN NN IN DT NN 
750	1	It could be good memorable thing for me .	PRP MD VB JJ JJ NN IN PRP . 
607	0	Then Sara looked down the river .	RB NNP VBD IN DT NN . 
373	0	You need to learn how you can use technology .	PRP VBP TO VB WRB PRP MD VB NN . 
845	0	You may only get tired on your feet .	PRP MD RB VB JJ IN PRP$ NN . 
233	0	The place is the college garden .	DT NN VBZ DT NN NN . 
679	1	Teacher are helping students with their problems .	NN VBP VBG NNS IN PRP$ NNS . 
317	0	I 'm looking forward to hearing from you .	PRP VBP VBG RB TO VBG IN PRP . 
648	1	I am looking forward to your reply letter .	PRP VBP VBG RB IN PRP$ NN NN . 
410	0	I think I 'll enjoy this trip .	PRP VBP PRP MD VB DT NN . 
773	1	In basketball I have more practise then in tennis .	IN NN PRP VBP JJR NN IN IN NN . 
358	0	I am extremely happy about this .	PRP VBP RB JJ IN DT . 
258	0	Also this person was not really good at acting .	RB DT NN VBD RB RB JJ IN NN . 
627	1	Do n't worry because you do n't pay your ticket	VB RB VB IN PRP VBP RB VB PRP$ NN 
632	1	But by some situations you have to wear something .	CC IN DT NNS PRP VBP TO VB NN . 
282	0	Perhaps , armour will become a craze again .	RB , NN MD VB DT NN RB . 
376	0	I was so disappointed about that .	PRP VBD RB JJ IN DT . 
384	0	Can you give me this information ?	MD PRP VB PRP DT NN . 
224	0	It was my favourite musical .	PRP VBD PRP$ JJ NN . 
819	0	It was great to hear from you .	PRP VBD JJ TO VB IN PRP . 
705	1	The story had began two days before ...	DT NN VBD VBN CD NNS RB . 
472	0	Because , these days I 'm very happy .	RB , DT NNS PRP VBP RB JJ . 
347	0	She prefers shopping to everything else .	PRP VBZ NN IN NN JJ . 
505	0	Most students in our class are studying Fashion full-time .	JJS NNS IN PRP$ NN VBP VBG NN RB . 
639	1	As the home is built on the sky .	IN DT NN VBZ VBN IN DT NN . 
850	1	I 'll tell you more experience on next letter .	PRP MD VB PRP JJR NN IN JJ NN . 
799	1	So you would spend more money you have expected .	RB PRP MD VB JJR NN PRP VBP VBN . 
778	0	They ca n't believe him .	PRP MD RB VB PRP . 
619	1	it costs me about £ 500 .	PRP VBZ PRP RB $ CD . 
737	1	I really hope that you gona consider our request .	PRP RB VBP IN PRP MD VB PRP$ NN . 
645	1	Your sincerly	PRP$ RB 
730	0	It 's the Palace Hotel .	PRP VBZ DT NNP NNP . 
556	0	Thank you for your last letter .	VBP PRP IN PRP$ JJ NN . 
823	1	Thank you for choosen our ticket at the final .	VBP PRP IN VBN PRP$ NN IN DT NN . 
577	0	Are tablets necessary ( for headache , insects ) ?	VBZ NNS JJ -LRB- IN NN , NNS -RRB- . 
85	0	But at golf I am a beginner .	CC IN NN PRP VBP DT NN . 
242	0	She was always being pursued by the media .	PRP VBD RB VBG VBN IN DT NN . 
698	0	It was just an usual day .	PRP VBD RB DT JJ NN . 
159	0	But it started at 20:15 !	CC PRP VBD IN CD . 
524	0	It was very interesting and enjoyable .	PRP VBD RB JJ CC JJ . 
35	0	So I think you 'd better wear a dress .	RB PRP VBP PRP VBD RBR VB DT NN . 
540	0	I was really pleased to receive your letter .	PRP VBD RB JJ TO VB PRP$ NN . 
170	0	It was a very good experience for me	PRP VBD DT RB JJ NN IN PRP 
654	1	That was so uncomfortable , people was starving .	DT VBD RB JJ , NNS VBD VBG . 
739	0	I am absolutely annoyed .	PRP VBP RB JJ . 
731	1	A crowded hall is not good to enjoy musics .	DT JJ NN VBZ RB JJ TO VB NNS . 
812	1	I wish you answer me soon .	PRP VBP PRP VBP PRP RB . 
95	0	It 's about money .	PRP VBZ IN NN . 
563	0	Below I provide some information you asked about .	RB PRP VBP DT NN PRP VBD IN . 
240	0	Will you provide them ?	MD PRP VB PRP . 
574	0	I was exhausted when the concert finished .	PRP VBD JJ WRB DT NN VBD . 
690	1	It has been in her parents ' appartement .	PRP VBZ VBN IN PRP$ NNS POS NN . 
460	0	It was not Danny on the stage !	PRP VBD RB NNP IN DT NN . 
553	0	Everyone has had or will have one while shopping .	NN VBZ VBN CC MD VB CD IN VBG . 
756	1	Sir manager of the theatre ,	NNP NN IN DT NN . 
206	0	She was going to cry .	PRP VBD VBG TO VB . 
392	0	So we tried to steal adults ' panties .	CC PRP VBD TO VB NNS POS NNS . 
397	0	Shopping is not always enjoyable	NN VBZ RB RB JJ 
732	1	We live in changeable world .	PRP VBP IN JJ NN . 
217	0	Fashion changes every year .	NN VBZ DT NN . 
4	0	We can love them without disturbing them too .	PRP MD VB PRP IN VBG PRP RB . 
642	1	Some are in formal others are in casual .	DT VBP IN JJ NNS VBP IN JJ . 
772	1	I am looking forward your reply .	PRP VBP VBG RB PRP$ NN . 
612	1	The princess grew up beautifully .	DT NN VBD RP RB . 
546	0	The other activity I would prefer is sailing .	DT JJ NN PRP MD VB VBZ NN . 
725	1	He respected and still loves it .	PRP VBD CC RB VBZ PRP . 
683	0	I would like to give a suggestion .	PRP MD VB TO VB DT NN . 
98	0	Actually I ca n't swim at all .	RB PRP MD RB VBG IN DT . 
727	1	Could you back my money please ?	MD PRP VB PRP$ NN UH . 
573	0	I want to attend swimming and tennis courses .	PRP VBP TO VB NN CC NN NNS . 
406	0	We would suggest going to this fabulous show .	PRP MD VB VBG IN DT JJ NN . 
502	0	The prices for land are increasing because of this .	DT NNS IN NN VBP VBG IN IN DT . 
47	0	I was pleased when I got it .	PRP VBD JJ WRB PRP VBD PRP . 
32	0	After the meeting we all received the same clothes .	IN DT NN PRP DT VBD DT JJ NNS . 
200	0	This also would make the festival more attractive .	DT RB MD VB DT NN RBR JJ . 
134	0	How is your new school and your parents ?	WRB VBZ PRP$ JJ NN CC PRP$ NNS . 
27	0	I am sure you can understand this .	PRP VBP JJ PRP MD VB DT . 
758	1	Thank you for the amazing inform about the competition .	VBP PRP IN DT JJ NN IN DT NN . 
230	0	Actually , I do n't like tents so much .	RB , PRP VBP RB VB NNS RB RB . 
489	0	What 's my fund limit ?	WP VBZ PRP$ NN NN . 
378	0	In the future they will get closer and closer .	IN DT NN PRP MD VB JJR CC JJR . 
288	0	I hope to hear from you soon	PRP VBP TO VB IN PRP RB 
418	0	He suggested having supper in your theatre restaurant .	PRP VBD VBG NN IN PRP$ NN NN . 
674	0	You asked some questions about rules in school and homes	PRP VBD DT NNS IN NNS IN NN CC NNS 
391	0	I hope to see many more films next year .	PRP VBP TO VB RB JJR NNS JJ NN . 
592	0	Then Sara looked into the river .	RB NNP VBD IN DT NN . 
498	0	Lots of love ,	NNS IN NN . 
138	0	Teaching pupils is not easy , of course .	VBG NNS VBZ RB JJ , RB RB . 
62	0	What a fool I was .	WDT DT NN PRP VBD . 
471	0	It was quite ridiculous !	PRP VBD RB JJ . 
647	1	I 'm looking forward to hearing you again .	PRP VBP VBG RB IN VBG PRP RB . 
128	0	I hope you are fine .	PRP VBP PRP VBP JJ . 
840	1	Her father never let her to have a boyfriend .	PRP$ NN RB VBD PRP TO VB DT NN . 
520	0	Modern life has been full of science and technology .	JJ NN VBZ VBN JJ IN NN CC NN . 
64	0	It is fantastic .	PRP VBZ JJ . 
14	0	It is very interesting , especially for young people .	PRP VBZ RB JJ , RB IN JJ NNS . 
156	0	I trusted him and told him the truth .	PRP VBD PRP CC VBD PRP DT NN . 
40	0	We would be very interested in seeing English fashion .	PRP MD VB RB JJ IN VBG JJ NN . 
492	0	What do I have to pay myself ?	WP VBP PRP VBP TO VB PRP . 
379	0	Absolutely it was very disappointing	RB PRP VBD RB JJ 
187	0	These things provide me with every convenience .	DT NNS VBP PRP IN DT NN . 
216	0	Second , I prefer to stay in a tent .	RB , PRP VBP TO VB IN DT NN . 
52	0	I know you have good taste in presents !	PRP VBP PRP VBP JJ NN IN NNS . 
337	0	He told his wife this story .	PRP VBD PRP$ NN DT NN . 
748	0	It is not the only problem .	PRP VBZ RB DT JJ NN . 
719	1	That was very disapponted .	DT VBD RB JJ . 
724	1	I am interst playing tennis very much .	PRP VBP JJ VBG NN RB RB . 
295	0	No one will walk on roads .	DT NN MD VB IN NNS . 
701	1	Also I got two questions to ask you .	RB PRP VBD CD NNS TO VB PRP . 
251	0	Jogging or some sports ?	NN CC DT NNS . 
726	1	It was because they closed early than usual .	PRP VBD IN PRP VBD RB IN JJ . 
461	0	science and technology are mainly responsible for this .	NN CC NN VBP RB JJ IN DT . 
455	0	Regarding the activities , I choose swimming and tennis .	VBG DT NNS , PRP VBP NN CC NN . 
859	0	I wish you were here with me .	PRP VBP PRP VBD RB IN PRP . 
269	0	I come from a very strict family .	PRP VBP IN DT RB JJ NN . 
201	0	During those years I had met Zuhal Olcoy .	IN DT NNS PRP VBD VBN NNP NNP . 
161	0	Then how has it changed our daily life ?	RB WRB VBZ PRP VBD PRP$ JJ NN . 
555	0	I got confused and was disappointed again .	PRP VBD JJ CC VBD JJ RB . 
729	1	The show begun 45 minutes later than supposed !	DT NN VBN CD NNS RB IN VBN . 
401	0	And that made the concert absolutely perfect .	CC DT VBD DT NN RB JJ . 
702	0	It provides you all the information you want .	PRP VBZ PRP PDT DT NN PRP VBP . 
476	0	I 'm looking forward to hearing from you ,	PRP VBP VBG RB IN VBG IN PRP . 
771	1	I 'd like to know USA .	PRP MD VB TO VB NNP . 
105	0	The next task I was given was ironing costumes .	DT JJ NN PRP VBD VBN VBD VBG NNS . 
565	0	I wished you could have been there with me .	PRP VBD PRP MD VB VBN RB IN PRP . 
389	0	I hope you will take my proposal into consideration .	PRP VBP PRP MD VB PRP$ NN IN NN . 
1	0	The tower is absolutely marvellous .	DT NN VBZ RB JJ . 
807	1	I appriciated to this big news .	PRP VBD IN DT JJ NNS . 
561	0	Also , may I take a friend with me ?	RB , MD PRP VB DT NN IN PRP . 
80	0	When we entered the place our problems began .	WRB PRP VBD DT NN PRP$ NNS VBD . 
205	0	Finally , may I ask for some more information ?	RB , MD PRP VB IN DT JJR NN . 
34	0	I was part of the staff .	PRP VBD NN IN DT NN . 
775	1	The show after was great .	DT NN RB VBD JJ . 
508	0	Hello Maria .	UH NNP . 
427	0	We all know what shopping is .	PRP DT VBP WDT NN VBZ . 
454	0	I got up very early .	PRP VBD RP RB RB . 
366	0	Yesterday Larry suggested going to the cinema after school .	NN NNP VBD VBG IN DT NN IN NN . 
91	0	I look forward to hearing from you .	PRP VBP RB TO VBG IN PRP . 
339	0	Below is the information you requested from me .	RB VBZ DT NN PRP VBD IN PRP . 
564	0	I hope you understand my complaints .	PRP VBP PRP VBP PRP$ NNS . 
345	0	It is the first step towards a true fraternity .	PRP VBZ DT JJ NN IN DT JJ NN . 
776	1	I had to wait in overcrowded hall .	PRP VBD TO VB IN JJ NN . 
241	0	We all know that you have organised everything .	PRP DT VBP IN PRP VBP VBN NN . 
13	0	It is really interesting .	PRP VBZ RB JJ . 
315	0	And look at us now .	CC VBP IN PRP RB . 
600	0	I hope that my article appears in your magazine .	PRP VBP IN PRP$ NN VBZ IN PRP$ NN . 
387	0	These are also a relief .	DT VBP RB DT NN . 
273	0	At surfing I am not good at all .	IN NN PRP VBP RB JJ IN DT . 
166	0	And computers are the most important product of technology .	CC NNS VBP DT RBS JJ NN IN NN . 
855	1	I think we should book at the Palace Hotel .	PRP VBP PRP MD VB IN DT NNP NNP . 
646	1	Thanks for all these informations ,	NNS IN PDT DT NNS , 
484	0	However , some concert halls were too small .	RB , DT NN NNS VBD RB JJ . 
844	1	Especially , students are free !	RB , NNS VBZ JJ . 
504	0	It is like one of his bad habits .	PRP VBZ IN CD IN PRP$ JJ NNS . 
243	0	People used candles to see around them .	NNS VBD NNS TO VB IN PRP . 
566	0	I have been learning to paint .	PRP VBP VBN VBG TO VB . 
562	0	How much should she pay ?	WRB JJ MD PRP VB . 
686	1	So that , I consider myself expirienced enough .	RB DT , PRP VBP PRP JJ RB . 
189	0	Instead of hating shopping they would enjoy shopping .	RB IN VBG VBG PRP MD VB VBG . 
782	1	Afterwards , he gave his pen for my enthusiasm .	RB , PRP VBD PRP$ NN IN PRP$ NN . 
699	1	I only can travel in July	PRP RB MD VB IN NNP 
475	0	I picked up the phone .	PRP VBD RP DT NN . 
681	1	- before you request a job .	HYPH IN PRP VBP DT NN . 
510	0	This is the most contentious point .	DT VBZ DT RBS JJ NN . 
58	0	However , we would like to suggest something :	RB , PRP MD VB TO VB NN : 
474	0	Thank you very much for that .	VB PRP RB JJ IN DT . 
560	0	But Golf is an absolutely new trial .	CC NN VBZ DT RB JJ NN . 
747	0	I hope you find my opinion useful .	PRP VBP PRP VBP PRP$ NN JJ . 
252	0	Thank you very much for your attention on my behalf	VBP PRP RB RB IN PRP$ NN IN PRP$ NN 
21	0	If not , what do you suggest ?	IN RB , WP VBP PRP VB . 
313	0	How are you ?	WRB VBP PRP . 
459	0	Shopping is a common activity in their life .	NN VBZ DT JJ NN IN PRP$ NN . 
160	0	He wanted everything that his eyes saw .	PRP VBD NN WDT PRP$ NNS VBD . 
276	0	Maria and Ivan were poor again .	NNP CC NNP VBD JJ RB . 
191	0	Thank you for asking me for some details .	VB PRP IN VBG PRP IN DT NNS . 
385	0	These are your mistakes .	DT VBP PRP$ NNS . 
805	1	If we look at a family life .	IN PRP VBP IN DT NN NN . 
413	0	Pat was her best friend so she told him .	NNP VBD PRP$ JJS NN IN PRP VBD PRP . 
491	0	Dear Mrs Ryan ,	JJ NNP NNP . 
343	0	Another problem is I thought that discounts were available .	DT NN VBZ PRP VBD IN NNS VBD JJ . 
769	0	I suggest you to try this kind of experience .	PRP VBP PRP TO VB DT NN IN NN . 
308	0	It helps me with preparing my homework .	PRP VBZ PRP IN VBG PRP$ NN . 
661	1	Every Monday we 're having a practice time .	DT NNP PRP VBP VBG DT NN NN . 
130	0	I do n't have any equipment .	PRP VBP RB VB DT NN . 
663	1	Have you ever thought to live without your car ?	VBP PRP RB VB TO VB IN PRP$ NN . 
99	0	But I like different styles of art .	CC PRP VBP JJ NNS IN NN . 
372	0	Thank you again and take care ,	VBP PRP RB CC VBP NN . 
87	0	Visitors could learn plays with professionals .	NNS MD VB NNS IN NNS . 
458	0	The man keeps constantly in contact with it .	DT NN VBZ RB IN NN IN PRP . 
330	0	I have received your letter .	PRP VBP VBN PRP$ NN . 
214	0	Cars play a big part in our life .	NNS VB DT JJ NN IN PRP$ NN . 
466	0	I am quite good at tennis .	PRP VBP RB JJ IN NN . 
121	0	It becomes a life and death struggle .	PRP VBZ DT NN CC NN NN . 
614	1	I wish that my article comes in your magazine .	PRP VBP IN PRP$ NN VBP IN PRP$ NN . 
20	0	The quality of life is very low .	DT NN IN NN VBZ RB JJ . 
700	0	More and more people are connecting through the net .	JJR CC JJR NNS VBP VBG IN DT NN . 
71	0	It is popular with the students .	PRP VBZ JJ IN DT NNS . 
106	0	I also had to clean the washrooms .	PRP RB VBD TO VB DT NNS . 
270	0	Thank you very much for your letter .	VB PRP RB RB IN PRP$ NN . 
435	0	I keep that in my mind , for ever !	PRP VBP DT IN PRP$ NN , IN RB . 
102	0	It looks nice and has a good message .	PRP VBZ JJ CC VBZ DT JJ NN . 
